category,title,creator,publication_year,description
album,Dark Forrester,Flossie Balistreri,2013,Qui fugit enim alias.
album,Major Cowboy,Lyndsay Kirlin,1991,Quis sed quasi libero.
album,Split Cake,Brenna Weber,1923,Minus in laborum eos.
album,The Captain's Light,Norberto Cronin,1931,Quasi quidem voluptatem eos.
album,Reg's Light,Jason Cormier,2007,Similique perspiciatis fugiat dolor.
album,Captain's Symphony,Rhett Grant,1957,Facere atque in optio.
book,Bluebery Solstice,Tracee Abshire III,1972,Omnis harum non quas.
book,Spilt Enlightenment,Jo Durgan,1942,Quae officiis magni corporis.
album,Morning Breaker,Santos Ortiz,1972,Rerum qui porro officia.
album,Wake-up Symphony,Phebe Jast,2016,Qui doloremque quae ipsa.
album,Good-morning Cowboy,Barrett Prosacco,1937,Et sequi porro aliquam.
book,Major Coffee,Bryant Sporer,2007,Omnis ut natus consequatur.
book,American Been,Venessa Krajcik,2007,Sed minima eum alias.
album,Dark Treat,Ginger Aufderhar,1940,Quibusdam rerum dolores dicta.
book,Huggy ,Johnathon Schmeler II,1958,In possimus consequuntur est.
album,Pumpkin-spice Town,Gregg Miller,2005,Qui eius deleniti in.
book,The Captain's Been,Iliana Zboncak,1919,Quae eaque vero mollitia.
book,Bluebery Cake,Dr. Cindie Bayer,1982,Consectetur ducimus adipisci eveniet.
book,Veranda Pie,Salina Ankunding,1960,Dolor quia delectus et.
book,Street Cup,Ferdinand Gleichner,1968,Corrupti rem ea esse.
album,Melty Star,Mr. Tyler Langworth,1935,Nisi ducimus delectus in.
book,KrebStar Mug,Shanita Dietrich I,1963,Natus error ut fugiat.
album,KrebStar Utopia,Gino Kulas III,1944,Magni et ea accusantium.
book,Bluebery Cake,Sarita Daniel,2011,Hic quis molestiae quibusdam.
book,Strong Symphony,Federico Kessler,2001,Temporibus eaque molestiae quo.
